run_id,dataset_name,split_id,model_name,graph_name,seed,partition,donor_id,site,observed_class_macro_f1,global_label_macro_f1,balanced_accuracy,support
gcn_bbknn_kperbatch2_donors12_seed101,stephenson_2021_healthy_pbmc,site_stratified_seed42,gcn,bbknn_kperbatch2_donors12,101,test,C-8938,Cambridge,0.8773902711608015,0.8773902711608015,0.870301838265194,2750
gcn_bbknn_kperbatch2_donors12_seed101,stephenson_2021_healthy_pbmc,site_stratified_seed42,gcn,bbknn_kperbatch2_donors12,101,test,C-8939,Cambridge,0.9782192255991159,0.40759134399963165,0.9688330948919855,1615
gcn_bbknn_kperbatch2_donors12_seed101,stephenson_2021_healthy_pbmc,site_stratified_seed42,gcn,bbknn_kperbatch2_donors12,101,test,C-8940,Cambridge,0.8565473975214056,0.8565473975214056,0.8425074348934677,6627
gcn_bbknn_kperbatch2_donors12_seed101,stephenson_2021_healthy_pbmc,site_stratified_seed42,gcn,bbknn_kperbatch2_donors12,101,test,CV0904,Newcastle,0.8651283851069397,0.8651283851069397,0.8579172697369998,5011
gcn_bbknn_kperbatch2_donors12_seed101,stephenson_2021_healthy_pbmc,site_stratified_seed42,gcn,bbknn_kperbatch2_donors12,101,test,CV0940,Newcastle,0.8211250996052194,0.8211250996052194,0.8275632731434222,2505
gcn_bbknn_kperbatch2_donors12_seed17,stephenson_2021_healthy_pbmc,site_stratified_seed42,gcn,bbknn_kperbatch2_donors12,17,test,C-8938,Cambridge,0.8782526847197478,0.8782526847197478,0.8712495320737866,2750
gcn_bbknn_kperbatch2_donors12_seed17,stephenson_2021_healthy_pbmc,site_stratified_seed42,gcn,bbknn_kperbatch2_donors12,17,test,C-8939,Cambridge,0.9753235525619685,0.40638481356748685,0.96608147321381,1615
gcn_bbknn_kperbatch2_donors12_seed17,stephenson_2021_healthy_pbmc,site_stratified_seed42,gcn,bbknn_kperbatch2_donors12,17,test,C-8940,Cambridge,0.8547857377990868,0.8547857377990868,0.8414649483003075,6627
gcn_bbknn_kperbatch2_donors12_seed17,stephenson_2021_healthy_pbmc,site_stratified_seed42,gcn,bbknn_kperbatch2_donors12,17,test,CV0904,Newcastle,0.8647310579490309,0.8647310579490309,0.8573743525383938,5011
gcn_bbknn_kperbatch2_donors12_seed17,stephenson_2021_healthy_pbmc,site_stratified_seed42,gcn,bbknn_kperbatch2_donors12,17,test,CV0940,Newcastle,0.8225316141811007,0.8225316141811007,0.8292955777894098,2505
gcn_bbknn_kperbatch2_donors12_seed42,stephenson_2021_healthy_pbmc,site_stratified_seed42,gcn,bbknn_kperbatch2_donors12,42,test,C-8938,Cambridge,0.8768966256114431,0.8768966256114431,0.8695766085658526,2750
gcn_bbknn_kperbatch2_donors12_seed42,stephenson_2021_healthy_pbmc,site_stratified_seed42,gcn,bbknn_kperbatch2_donors12,42,test,C-8939,Cambridge,0.9782192255991159,0.40759134399963165,0.9688330948919855,1615
gcn_bbknn_kperbatch2_donors12_seed42,stephenson_2021_healthy_pbmc,site_stratified_seed42,gcn,bbknn_kperbatch2_donors12,42,test,C-8940,Cambridge,0.8558778281963604,0.8558778281963604,0.8425046209713928,6627
gcn_bbknn_kperbatch2_donors12_seed42,stephenson_2021_healthy_pbmc,site_stratified_seed42,gcn,bbknn_kperbatch2_donors12,42,test,CV0904,Newcastle,0.8659577282587376,0.8659577282587376,0.8579424657990059,5011
gcn_bbknn_kperbatch2_donors12_seed42,stephenson_2021_healthy_pbmc,site_stratified_seed42,gcn,bbknn_kperbatch2_donors12,42,test,CV0940,Newcastle,0.82084621084666,0.82084621084666,0.8300259934373249,2505
gcn_bbknn_kperbatch2_donors12_seed7,stephenson_2021_healthy_pbmc,site_stratified_seed42,gcn,bbknn_kperbatch2_donors12,7,test,C-8938,Cambridge,0.8751495518417549,0.8751495518417549,0.8685479856908241,2750
gcn_bbknn_kperbatch2_donors12_seed7,stephenson_2021_healthy_pbmc,site_stratified_seed42,gcn,bbknn_kperbatch2_donors12,7,test,C-8939,Cambridge,0.9766352727566259,0.4069313636485941,0.9663639590895162,1615
gcn_bbknn_kperbatch2_donors12_seed7,stephenson_2021_healthy_pbmc,site_stratified_seed42,gcn,bbknn_kperbatch2_donors12,7,test,C-8940,Cambridge,0.855080856787317,0.855080856787317,0.8418890626584768,6627
gcn_bbknn_kperbatch2_donors12_seed7,stephenson_2021_healthy_pbmc,site_stratified_seed42,gcn,bbknn_kperbatch2_donors12,7,test,CV0904,Newcastle,0.8690169210206674,0.8690169210206674,0.8615501729902476,5011
gcn_bbknn_kperbatch2_donors12_seed7,stephenson_2021_healthy_pbmc,site_stratified_seed42,gcn,bbknn_kperbatch2_donors12,7,test,CV0940,Newcastle,0.8211921773879561,0.8211921773879561,0.8298013155484667,2505
gcn_bbknn_kperbatch2_donors12_seed73,stephenson_2021_healthy_pbmc,site_stratified_seed42,gcn,bbknn_kperbatch2_donors12,73,test,C-8938,Cambridge,0.8763149771283305,0.8763149771283305,0.8695014014900009,2750
gcn_bbknn_kperbatch2_donors12_seed73,stephenson_2021_healthy_pbmc,site_stratified_seed42,gcn,bbknn_kperbatch2_donors12,73,test,C-8939,Cambridge,0.9782192255991159,0.40759134399963165,0.9688330948919855,1615
gcn_bbknn_kperbatch2_donors12_seed73,stephenson_2021_healthy_pbmc,site_stratified_seed42,gcn,bbknn_kperbatch2_donors12,73,test,C-8940,Cambridge,0.8539116420723322,0.8539116420723322,0.8403350467268961,6627
gcn_bbknn_kperbatch2_donors12_seed73,stephenson_2021_healthy_pbmc,site_stratified_seed42,gcn,bbknn_kperbatch2_donors12,73,test,CV0904,Newcastle,0.8644586005434651,0.8644586005434651,0.8572634811194134,5011
gcn_bbknn_kperbatch2_donors12_seed73,stephenson_2021_healthy_pbmc,site_stratified_seed42,gcn,bbknn_kperbatch2_donors12,73,test,CV0940,Newcastle,0.8212624384425679,0.8212624384425679,0.827124019369374,2505
gcn_mutual_knn_reference_standard_query_k20_unweighted_seed101,stephenson_2021_healthy_pbmc,site_stratified_seed42,gcn,mutual_knn_reference_standard_query_k20_unweighted,101,test,C-8938,Cambridge,0.8679144081757394,0.8679144081757394,0.8604106533041297,2750
gcn_mutual_knn_reference_standard_query_k20_unweighted_seed101,stephenson_2021_healthy_pbmc,site_stratified_seed42,gcn,mutual_knn_reference_standard_query_k20_unweighted,101,test,C-8939,Cambridge,0.9815430921648393,0.40897628840201633,0.9759580164236865,1615
gcn_mutual_knn_reference_standard_query_k20_unweighted_seed101,stephenson_2021_healthy_pbmc,site_stratified_seed42,gcn,mutual_knn_reference_standard_query_k20_unweighted,101,test,C-8940,Cambridge,0.8403928837073416,0.8403928837073416,0.8284781809649763,6627
gcn_mutual_knn_reference_standard_query_k20_unweighted_seed101,stephenson_2021_healthy_pbmc,site_stratified_seed42,gcn,mutual_knn_reference_standard_query_k20_unweighted,101,test,CV0904,Newcastle,0.8437003916756872,0.8437003916756872,0.8282178299837222,5011
gcn_mutual_knn_reference_standard_query_k20_unweighted_seed101,stephenson_2021_healthy_pbmc,site_stratified_seed42,gcn,mutual_knn_reference_standard_query_k20_unweighted,101,test,CV0940,Newcastle,0.7900783813651572,0.7900783813651572,0.7991694273172455,2505
gcn_mutual_knn_reference_standard_query_k20_unweighted_seed17,stephenson_2021_healthy_pbmc,site_stratified_seed42,gcn,mutual_knn_reference_standard_query_k20_unweighted,17,test,C-8938,Cambridge,0.8714718532075488,0.8714718532075488,0.8628348515775413,2750
gcn_mutual_knn_reference_standard_query_k20_unweighted_seed17,stephenson_2021_healthy_pbmc,site_stratified_seed42,gcn,mutual_knn_reference_standard_query_k20_unweighted,17,test,C-8939,Cambridge,0.9813317920081734,0.4088882466700723,0.9737713664969239,1615
gcn_mutual_knn_reference_standard_query_k20_unweighted_seed17,stephenson_2021_healthy_pbmc,site_stratified_seed42,gcn,mutual_knn_reference_standard_query_k20_unweighted,17,test,C-8940,Cambridge,0.8388616944481223,0.8388616944481223,0.8276358763519459,6627
gcn_mutual_knn_reference_standard_query_k20_unweighted_seed17,stephenson_2021_healthy_pbmc,site_stratified_seed42,gcn,mutual_knn_reference_standard_query_k20_unweighted,17,test,CV0904,Newcastle,0.8431899781041649,0.8431899781041649,0.8268801825588635,5011
gcn_mutual_knn_reference_standard_query_k20_unweighted_seed17,stephenson_2021_healthy_pbmc,site_stratified_seed42,gcn,mutual_knn_reference_standard_query_k20_unweighted,17,test,CV0940,Newcastle,0.7873093556958789,0.7873093556958789,0.7972050362372088,2505
gcn_mutual_knn_reference_standard_query_k20_unweighted_seed42,stephenson_2021_healthy_pbmc,site_stratified_seed42,gcn,mutual_knn_reference_standard_query_k20_unweighted,42,test,C-8938,Cambridge,0.8692750772104726,0.8692750772104726,0.8610683015029706,2750
gcn_mutual_knn_reference_standard_query_k20_unweighted_seed42,stephenson_2021_healthy_pbmc,site_stratified_seed42,gcn,mutual_knn_reference_standard_query_k20_unweighted,42,test,C-8939,Cambridge,0.9815430921648393,0.40897628840201633,0.9759580164236865,1615
gcn_mutual_knn_reference_standard_query_k20_unweighted_seed42,stephenson_2021_healthy_pbmc,site_stratified_seed42,gcn,mutual_knn_reference_standard_query_k20_unweighted,42,test,C-8940,Cambridge,0.8396624576918893,0.8396624576918893,0.8274697271167336,6627
gcn_mutual_knn_reference_standard_query_k20_unweighted_seed42,stephenson_2021_healthy_pbmc,site_stratified_seed42,gcn,mutual_knn_reference_standard_query_k20_unweighted,42,test,CV0904,Newcastle,0.8432182261698405,0.8432182261698405,0.8278727220996956,5011
gcn_mutual_knn_reference_standard_query_k20_unweighted_seed42,stephenson_2021_healthy_pbmc,site_stratified_seed42,gcn,mutual_knn_reference_standard_query_k20_unweighted,42,test,CV0940,Newcastle,0.7896923382478219,0.7896923382478219,0.7993487427195075,2505
gcn_mutual_knn_reference_standard_query_k20_unweighted_seed7,stephenson_2021_healthy_pbmc,site_stratified_seed42,gcn,mutual_knn_reference_standard_query_k20_unweighted,7,test,C-8938,Cambridge,0.8674000741248774,0.8674000741248774,0.860230114740577,2750
gcn_mutual_knn_reference_standard_query_k20_unweighted_seed7,stephenson_2021_healthy_pbmc,site_stratified_seed42,gcn,mutual_knn_reference_standard_query_k20_unweighted,7,test,C-8939,Cambridge,0.978855569895973,0.4078564874566554,0.9734888806212176,1615
gcn_mutual_knn_reference_standard_query_k20_unweighted_seed7,stephenson_2021_healthy_pbmc,site_stratified_seed42,gcn,mutual_knn_reference_standard_query_k20_unweighted,7,test,C-8940,Cambridge,0.8400502867442771,0.8400502867442771,0.8291789341992527,6627
gcn_mutual_knn_reference_standard_query_k20_unweighted_seed7,stephenson_2021_healthy_pbmc,site_stratified_seed42,gcn,mutual_knn_reference_standard_query_k20_unweighted,7,test,CV0904,Newcastle,0.8461112467698513,0.8461112467698513,0.8309713617592777,5011
gcn_mutual_knn_reference_standard_query_k20_unweighted_seed7,stephenson_2021_healthy_pbmc,site_stratified_seed42,gcn,mutual_knn_reference_standard_query_k20_unweighted,7,test,CV0940,Newcastle,0.7903789641418264,0.7903789641418264,0.7995216307016181,2505
gcn_mutual_knn_reference_standard_query_k20_unweighted_seed73,stephenson_2021_healthy_pbmc,site_stratified_seed42,gcn,mutual_knn_reference_standard_query_k20_unweighted,73,test,C-8938,Cambridge,0.8639723062853256,0.8639723062853256,0.8569883713499262,2750
gcn_mutual_knn_reference_standard_query_k20_unweighted_seed73,stephenson_2021_healthy_pbmc,site_stratified_seed42,gcn,mutual_knn_reference_standard_query_k20_unweighted,73,test,C-8939,Cambridge,0.9815430921648393,0.40897628840201633,0.9759580164236865,1615
gcn_mutual_knn_reference_standard_query_k20_unweighted_seed73,stephenson_2021_healthy_pbmc,site_stratified_seed42,gcn,mutual_knn_reference_standard_query_k20_unweighted,73,test,C-8940,Cambridge,0.840959054074289,0.840959054074289,0.8293218684299242,6627
gcn_mutual_knn_reference_standard_query_k20_unweighted_seed73,stephenson_2021_healthy_pbmc,site_stratified_seed42,gcn,mutual_knn_reference_standard_query_k20_unweighted,73,test,CV0904,Newcastle,0.8480831902707274,0.8480831902707274,0.8329745472184166,5011
gcn_mutual_knn_reference_standard_query_k20_unweighted_seed73,stephenson_2021_healthy_pbmc,site_stratified_seed42,gcn,mutual_knn_reference_standard_query_k20_unweighted,73,test,CV0940,Newcastle,0.787864094903819,0.787864094903819,0.798449229509099,2505
gcn_pca_knn_k20_unweighted_seed101,stephenson_2021_healthy_pbmc,site_stratified_seed42,gcn,pca_knn_k20_unweighted,101,test,C-8938,Cambridge,0.8700952034673377,0.8700952034673377,0.8656558906682187,2750
gcn_pca_knn_k20_unweighted_seed101,stephenson_2021_healthy_pbmc,site_stratified_seed42,gcn,pca_knn_k20_unweighted,101,test,C-8939,Cambridge,0.9804586705712423,0.4085244460713509,0.9778621804747434,1615
gcn_pca_knn_k20_unweighted_seed101,stephenson_2021_healthy_pbmc,site_stratified_seed42,gcn,pca_knn_k20_unweighted,101,test,C-8940,Cambridge,0.850406741926597,0.850406741926597,0.8424846050611133,6627
gcn_pca_knn_k20_unweighted_seed101,stephenson_2021_healthy_pbmc,site_stratified_seed42,gcn,pca_knn_k20_unweighted,101,test,CV0904,Newcastle,0.8579711980649365,0.8579711980649365,0.8495671624101139,5011
gcn_pca_knn_k20_unweighted_seed101,stephenson_2021_healthy_pbmc,site_stratified_seed42,gcn,pca_knn_k20_unweighted,101,test,CV0940,Newcastle,0.8076666784068888,0.8076666784068888,0.8130830193718622,2505
gcn_pca_knn_k20_unweighted_seed17,stephenson_2021_healthy_pbmc,site_stratified_seed42,gcn,pca_knn_k20_unweighted,17,test,C-8938,Cambridge,0.8710682453821739,0.8710682453821739,0.8671030467990213,2750
gcn_pca_knn_k20_unweighted_seed17,stephenson_2021_healthy_pbmc,site_stratified_seed42,gcn,pca_knn_k20_unweighted,17,test,C-8939,Cambridge,0.9791823880091581,0.40799266167048254,0.9775796945990372,1615
gcn_pca_knn_k20_unweighted_seed17,stephenson_2021_healthy_pbmc,site_stratified_seed42,gcn,pca_knn_k20_unweighted,17,test,C-8940,Cambridge,0.8535314833832445,0.8535314833832445,0.8465923594310897,6627
gcn_pca_knn_k20_unweighted_seed17,stephenson_2021_healthy_pbmc,site_stratified_seed42,gcn,pca_knn_k20_unweighted,17,test,CV0904,Newcastle,0.8598327768231003,0.8598327768231003,0.8520442589754316,5011
gcn_pca_knn_k20_unweighted_seed17,stephenson_2021_healthy_pbmc,site_stratified_seed42,gcn,pca_knn_k20_unweighted,17,test,CV0940,Newcastle,0.8161796206300184,0.8161796206300184,0.8241116817790303,2505
gcn_pca_knn_k20_unweighted_seed42,stephenson_2021_healthy_pbmc,site_stratified_seed42,gcn,pca_knn_k20_unweighted,42,test,C-8938,Cambridge,0.8714991079675299,0.8714991079675299,0.8671303225209185,2750
gcn_pca_knn_k20_unweighted_seed42,stephenson_2021_healthy_pbmc,site_stratified_seed42,gcn,pca_knn_k20_unweighted,42,test,C-8939,Cambridge,0.9804586705712423,0.4085244460713509,0.9778621804747434,1615
gcn_pca_knn_k20_unweighted_seed42,stephenson_2021_healthy_pbmc,site_stratified_seed42,gcn,pca_knn_k20_unweighted,42,test,C-8940,Cambridge,0.8529981749231169,0.8529981749231169,0.8467148312973675,6627
gcn_pca_knn_k20_unweighted_seed42,stephenson_2021_healthy_pbmc,site_stratified_seed42,gcn,pca_knn_k20_unweighted,42,test,CV0904,Newcastle,0.8576976515278635,0.8576976515278635,0.8500726784400593,5011
gcn_pca_knn_k20_unweighted_seed42,stephenson_2021_healthy_pbmc,site_stratified_seed42,gcn,pca_knn_k20_unweighted,42,test,CV0940,Newcastle,0.8054316101812155,0.8054316101812155,0.8113368559230058,2505
gcn_pca_knn_k20_unweighted_seed7,stephenson_2021_healthy_pbmc,site_stratified_seed42,gcn,pca_knn_k20_unweighted,7,test,C-8938,Cambridge,0.872040475351627,0.872040475351627,0.8666290846138077,2750
gcn_pca_knn_k20_unweighted_seed7,stephenson_2021_healthy_pbmc,site_stratified_seed42,gcn,pca_knn_k20_unweighted,7,test,C-8939,Cambridge,0.9804586705712423,0.4085244460713509,0.9778621804747434,1615
gcn_pca_knn_k20_unweighted_seed7,stephenson_2021_healthy_pbmc,site_stratified_seed42,gcn,pca_knn_k20_unweighted,7,test,C-8940,Cambridge,0.8519461657974873,0.8519461657974873,0.8433930565035896,6627
gcn_pca_knn_k20_unweighted_seed7,stephenson_2021_healthy_pbmc,site_stratified_seed42,gcn,pca_knn_k20_unweighted,7,test,CV0904,Newcastle,0.8561585611750422,0.8561585611750422,0.8481374268525143,5011
gcn_pca_knn_k20_unweighted_seed7,stephenson_2021_healthy_pbmc,site_stratified_seed42,gcn,pca_knn_k20_unweighted,7,test,CV0940,Newcastle,0.8032970122103794,0.8032970122103794,0.8098354830662992,2505
gcn_pca_knn_k20_unweighted_seed73,stephenson_2021_healthy_pbmc,site_stratified_seed42,gcn,pca_knn_k20_unweighted,73,test,C-8938,Cambridge,0.8670569078588365,0.8670569078588365,0.8644826590847595,2750
gcn_pca_knn_k20_unweighted_seed73,stephenson_2021_healthy_pbmc,site_stratified_seed42,gcn,pca_knn_k20_unweighted,73,test,C-8939,Cambridge,0.977919897731347,0.40746662405472794,0.9772972087233309,1615
gcn_pca_knn_k20_unweighted_seed73,stephenson_2021_healthy_pbmc,site_stratified_seed42,gcn,pca_knn_k20_unweighted,73,test,C-8940,Cambridge,0.8537920734069803,0.8537920734069803,0.8469936354141381,6627
gcn_pca_knn_k20_unweighted_seed73,stephenson_2021_healthy_pbmc,site_stratified_seed42,gcn,pca_knn_k20_unweighted,73,test,CV0904,Newcastle,0.8614768679751562,0.8614768679751562,0.8537895648402593,5011
gcn_pca_knn_k20_unweighted_seed73,stephenson_2021_healthy_pbmc,site_stratified_seed42,gcn,pca_knn_k20_unweighted,73,test,CV0940,Newcastle,0.8130068730634816,0.8130068730634816,0.8189596314046031,2505
gcn_pca_knn_k24_unweighted_seed101,stephenson_2021_healthy_pbmc,site_stratified_seed42,gcn,pca_knn_k24_unweighted,101,test,C-8938,Cambridge,0.8736042420226474,0.8736042420226474,0.8695866687823907,2750
gcn_pca_knn_k24_unweighted_seed101,stephenson_2021_healthy_pbmc,site_stratified_seed42,gcn,pca_knn_k24_unweighted,101,test,C-8939,Cambridge,0.981749009889532,0.40906208745397166,0.9781446663504496,1615
gcn_pca_knn_k24_unweighted_seed101,stephenson_2021_healthy_pbmc,site_stratified_seed42,gcn,pca_knn_k24_unweighted,101,test,C-8940,Cambridge,0.8534574719130931,0.8534574719130931,0.8453380222661689,6627
gcn_pca_knn_k24_unweighted_seed101,stephenson_2021_healthy_pbmc,site_stratified_seed42,gcn,pca_knn_k24_unweighted,101,test,CV0904,Newcastle,0.8599368044563117,0.8599368044563117,0.8534955136313952,5011
gcn_pca_knn_k24_unweighted_seed101,stephenson_2021_healthy_pbmc,site_stratified_seed42,gcn,pca_knn_k24_unweighted,101,test,CV0940,Newcastle,0.8195597701836458,0.8195597701836458,0.8249925508314594,2505
gcn_pca_knn_k24_unweighted_seed17,stephenson_2021_healthy_pbmc,site_stratified_seed42,gcn,pca_knn_k24_unweighted,17,test,C-8938,Cambridge,0.8734586246225097,0.8734586246225097,0.8692726102321359,2750
gcn_pca_knn_k24_unweighted_seed17,stephenson_2021_healthy_pbmc,site_stratified_seed42,gcn,pca_knn_k24_unweighted,17,test,C-8939,Cambridge,0.9789508007433856,0.4078961669764107,0.9753930446722741,1615
gcn_pca_knn_k24_unweighted_seed17,stephenson_2021_healthy_pbmc,site_stratified_seed42,gcn,pca_knn_k24_unweighted,17,test,C-8940,Cambridge,0.8543617850735509,0.8543617850735509,0.8458286622160989,6627
gcn_pca_knn_k24_unweighted_seed17,stephenson_2021_healthy_pbmc,site_stratified_seed42,gcn,pca_knn_k24_unweighted,17,test,CV0904,Newcastle,0.8631380511302664,0.8631380511302664,0.8552546215122877,5011
gcn_pca_knn_k24_unweighted_seed17,stephenson_2021_healthy_pbmc,site_stratified_seed42,gcn,pca_knn_k24_unweighted,17,test,CV0940,Newcastle,0.8222392488882438,0.8222392488882438,0.8300298530375598,2505
gcn_pca_knn_k24_unweighted_seed42,stephenson_2021_healthy_pbmc,site_stratified_seed42,gcn,pca_knn_k24_unweighted,42,test,C-8938,Cambridge,0.8749629914925762,0.8749629914925762,0.8704917731640419,2750
gcn_pca_knn_k24_unweighted_seed42,stephenson_2021_healthy_pbmc,site_stratified_seed42,gcn,pca_knn_k24_unweighted,42,test,C-8939,Cambridge,0.9776759850588748,0.40736499377453117,0.9751105587965678,1615
gcn_pca_knn_k24_unweighted_seed42,stephenson_2021_healthy_pbmc,site_stratified_seed42,gcn,pca_knn_k24_unweighted,42,test,C-8940,Cambridge,0.8510989917576315,0.8510989917576315,0.8423865207959391,6627
gcn_pca_knn_k24_unweighted_seed42,stephenson_2021_healthy_pbmc,site_stratified_seed42,gcn,pca_knn_k24_unweighted,42,test,CV0904,Newcastle,0.8572955340881719,0.8572955340881719,0.8497172176397347,5011
gcn_pca_knn_k24_unweighted_seed42,stephenson_2021_healthy_pbmc,site_stratified_seed42,gcn,pca_knn_k24_unweighted,42,test,CV0940,Newcastle,0.8109899067284836,0.8109899067284836,0.8176494799264268,2505
gcn_pca_knn_k24_unweighted_seed7,stephenson_2021_healthy_pbmc,site_stratified_seed42,gcn,pca_knn_k24_unweighted,7,test,C-8938,Cambridge,0.8778043940899622,0.8778043940899622,0.8724906892190655,2750
gcn_pca_knn_k24_unweighted_seed7,stephenson_2021_healthy_pbmc,site_stratified_seed42,gcn,pca_knn_k24_unweighted,7,test,C-8939,Cambridge,0.981749009889532,0.40906208745397166,0.9781446663504496,1615
gcn_pca_knn_k24_unweighted_seed7,stephenson_2021_healthy_pbmc,site_stratified_seed42,gcn,pca_knn_k24_unweighted,7,test,C-8940,Cambridge,0.8523779351823545,0.8523779351823545,0.844813840096457,6627
gcn_pca_knn_k24_unweighted_seed7,stephenson_2021_healthy_pbmc,site_stratified_seed42,gcn,pca_knn_k24_unweighted,7,test,CV0904,Newcastle,0.8624536415739114,0.8624536415739114,0.8544478827673881,5011
gcn_pca_knn_k24_unweighted_seed7,stephenson_2021_healthy_pbmc,site_stratified_seed42,gcn,pca_knn_k24_unweighted,7,test,CV0940,Newcastle,0.8152291216096811,0.8152291216096811,0.8224191778008003,2505
gcn_pca_knn_k24_unweighted_seed73,stephenson_2021_healthy_pbmc,site_stratified_seed42,gcn,pca_knn_k24_unweighted,73,test,C-8938,Cambridge,0.8704438908053658,0.8704438908053658,0.8660050532000847,2750
gcn_pca_knn_k24_unweighted_seed73,stephenson_2021_healthy_pbmc,site_stratified_seed42,gcn,pca_knn_k24_unweighted,73,test,C-8939,Cambridge,0.9789508007433856,0.4078961669764107,0.9753930446722741,1615
gcn_pca_knn_k24_unweighted_seed73,stephenson_2021_healthy_pbmc,site_stratified_seed42,gcn,pca_knn_k24_unweighted,73,test,C-8940,Cambridge,0.8514967720673986,0.8514967720673986,0.8421780599914513,6627
gcn_pca_knn_k24_unweighted_seed73,stephenson_2021_healthy_pbmc,site_stratified_seed42,gcn,pca_knn_k24_unweighted,73,test,CV0904,Newcastle,0.8567547249759033,0.8567547249759033,0.8470683779101417,5011
gcn_pca_knn_k24_unweighted_seed73,stephenson_2021_healthy_pbmc,site_stratified_seed42,gcn,pca_knn_k24_unweighted,73,test,CV0940,Newcastle,0.8127008062494513,0.8127008062494513,0.8178426880661912,2505
gcn_pca_knn_k50_unweighted_seed101,stephenson_2021_healthy_pbmc,site_stratified_seed42,gcn,pca_knn_k50_unweighted,101,test,C-8938,Cambridge,0.8770596377982477,0.8770596377982477,0.8721888330487308,2750
gcn_pca_knn_k50_unweighted_seed101,stephenson_2021_healthy_pbmc,site_stratified_seed42,gcn,pca_knn_k50_unweighted,101,test,C-8939,Cambridge,0.985867609209846,0.4107781705041025,0.9811787739043311,1615
gcn_pca_knn_k50_unweighted_seed101,stephenson_2021_healthy_pbmc,site_stratified_seed42,gcn,pca_knn_k50_unweighted,101,test,C-8940,Cambridge,0.8529846136298183,0.8529846136298183,0.8433797859543767,6627
gcn_pca_knn_k50_unweighted_seed101,stephenson_2021_healthy_pbmc,site_stratified_seed42,gcn,pca_knn_k50_unweighted,101,test,CV0904,Newcastle,0.8591635424927943,0.8591635424927943,0.8486544015643488,5011
gcn_pca_knn_k50_unweighted_seed101,stephenson_2021_healthy_pbmc,site_stratified_seed42,gcn,pca_knn_k50_unweighted,101,test,CV0940,Newcastle,0.8153846033391882,0.8153846033391882,0.819601971237418,2505
gcn_pca_knn_k50_unweighted_seed17,stephenson_2021_healthy_pbmc,site_stratified_seed42,gcn,pca_knn_k50_unweighted,17,test,C-8938,Cambridge,0.8763000113197981,0.8763000113197981,0.8713317199945676,2750
gcn_pca_knn_k50_unweighted_seed17,stephenson_2021_healthy_pbmc,site_stratified_seed42,gcn,pca_knn_k50_unweighted,17,test,C-8939,Cambridge,0.985867609209846,0.4107781705041025,0.9811787739043311,1615
gcn_pca_knn_k50_unweighted_seed17,stephenson_2021_healthy_pbmc,site_stratified_seed42,gcn,pca_knn_k50_unweighted,17,test,C-8940,Cambridge,0.8525800333443718,0.8525800333443718,0.8425469634253343,6627
gcn_pca_knn_k50_unweighted_seed17,stephenson_2021_healthy_pbmc,site_stratified_seed42,gcn,pca_knn_k50_unweighted,17,test,CV0904,Newcastle,0.8656162968842726,0.8656162968842726,0.8527875503055973,5011
gcn_pca_knn_k50_unweighted_seed17,stephenson_2021_healthy_pbmc,site_stratified_seed42,gcn,pca_knn_k50_unweighted,17,test,CV0940,Newcastle,0.8178611953084044,0.8178611953084044,0.8219566035556047,2505
gcn_pca_knn_k50_unweighted_seed42,stephenson_2021_healthy_pbmc,site_stratified_seed42,gcn,pca_knn_k50_unweighted,42,test,C-8938,Cambridge,0.8782055189736084,0.8782055189736084,0.8729228122367031,2750
gcn_pca_knn_k50_unweighted_seed42,stephenson_2021_healthy_pbmc,site_stratified_seed42,gcn,pca_knn_k50_unweighted,42,test,C-8939,Cambridge,0.985867609209846,0.4107781705041025,0.9811787739043311,1615
gcn_pca_knn_k50_unweighted_seed42,stephenson_2021_healthy_pbmc,site_stratified_seed42,gcn,pca_knn_k50_unweighted,42,test,C-8940,Cambridge,0.8516412052822663,0.8516412052822663,0.8428979976417795,6627
gcn_pca_knn_k50_unweighted_seed42,stephenson_2021_healthy_pbmc,site_stratified_seed42,gcn,pca_knn_k50_unweighted,42,test,CV0904,Newcastle,0.8611255202736684,0.8611255202736684,0.8490171818232936,5011
gcn_pca_knn_k50_unweighted_seed42,stephenson_2021_healthy_pbmc,site_stratified_seed42,gcn,pca_knn_k50_unweighted,42,test,CV0940,Newcastle,0.8152708837407091,0.8152708837407091,0.8203643455807219,2505
gcn_pca_knn_k50_unweighted_seed7,stephenson_2021_healthy_pbmc,site_stratified_seed42,gcn,pca_knn_k50_unweighted,7,test,C-8938,Cambridge,0.8781231374276022,0.8781231374276022,0.8728441290319019,2750
gcn_pca_knn_k50_unweighted_seed7,stephenson_2021_healthy_pbmc,site_stratified_seed42,gcn,pca_knn_k50_unweighted,7,test,C-8939,Cambridge,0.985867609209846,0.4107781705041025,0.9811787739043311,1615
gcn_pca_knn_k50_unweighted_seed7,stephenson_2021_healthy_pbmc,site_stratified_seed42,gcn,pca_knn_k50_unweighted,7,test,C-8940,Cambridge,0.8527180724058074,0.8527180724058074,0.8426906599737247,6627
gcn_pca_knn_k50_unweighted_seed7,stephenson_2021_healthy_pbmc,site_stratified_seed42,gcn,pca_knn_k50_unweighted,7,test,CV0904,Newcastle,0.8585219288517091,0.8585219288517091,0.8464645194319845,5011
gcn_pca_knn_k50_unweighted_seed7,stephenson_2021_healthy_pbmc,site_stratified_seed42,gcn,pca_knn_k50_unweighted,7,test,CV0940,Newcastle,0.8165347075503004,0.8165347075503004,0.8209992867066297,2505
gcn_pca_knn_k50_unweighted_seed73,stephenson_2021_healthy_pbmc,site_stratified_seed42,gcn,pca_knn_k50_unweighted,73,test,C-8938,Cambridge,0.8747393318122145,0.8747393318122145,0.8701171051386805,2750
gcn_pca_knn_k50_unweighted_seed73,stephenson_2021_healthy_pbmc,site_stratified_seed42,gcn,pca_knn_k50_unweighted,73,test,C-8939,Cambridge,0.9832413560836099,0.40968389836817076,0.9806138021529186,1615
gcn_pca_knn_k50_unweighted_seed73,stephenson_2021_healthy_pbmc,site_stratified_seed42,gcn,pca_knn_k50_unweighted,73,test,C-8940,Cambridge,0.8514663970428437,0.8514663970428437,0.841672334340109,6627
gcn_pca_knn_k50_unweighted_seed73,stephenson_2021_healthy_pbmc,site_stratified_seed42,gcn,pca_knn_k50_unweighted,73,test,CV0904,Newcastle,0.8614183813037769,0.8614183813037769,0.8503942086232702,5011
gcn_pca_knn_k50_unweighted_seed73,stephenson_2021_healthy_pbmc,site_stratified_seed42,gcn,pca_knn_k50_unweighted,73,test,CV0940,Newcastle,0.8182802485907562,0.8182802485907562,0.8218386114705739,2505
graphsage_bbknn_kperbatch2_donors12_seed101,stephenson_2021_healthy_pbmc,site_stratified_seed42,graphsage,bbknn_kperbatch2_donors12,101,test,C-8938,Cambridge,0.8872581379225243,0.8872581379225243,0.8847514697209594,2750
graphsage_bbknn_kperbatch2_donors12_seed101,stephenson_2021_healthy_pbmc,site_stratified_seed42,graphsage,bbknn_kperbatch2_donors12,101,test,C-8939,Cambridge,0.9821478935678305,0.4092282889865961,0.9828004520796816,1615
graphsage_bbknn_kperbatch2_donors12_seed101,stephenson_2021_healthy_pbmc,site_stratified_seed42,graphsage,bbknn_kperbatch2_donors12,101,test,C-8940,Cambridge,0.8804324841144155,0.8804324841144155,0.877738592602172,6627
graphsage_bbknn_kperbatch2_donors12_seed101,stephenson_2021_healthy_pbmc,site_stratified_seed42,graphsage,bbknn_kperbatch2_donors12,101,test,CV0904,Newcastle,0.8859441659461379,0.8859441659461379,0.8897943324387998,5011
graphsage_bbknn_kperbatch2_donors12_seed101,stephenson_2021_healthy_pbmc,site_stratified_seed42,graphsage,bbknn_kperbatch2_donors12,101,test,CV0940,Newcastle,0.8406708867048783,0.8406708867048783,0.8564740244754304,2505
graphsage_bbknn_kperbatch2_donors12_seed17,stephenson_2021_healthy_pbmc,site_stratified_seed42,graphsage,bbknn_kperbatch2_donors12,17,test,C-8938,Cambridge,0.8774632850822263,0.8774632850822263,0.8764039895002701,2750
graphsage_bbknn_kperbatch2_donors12_seed17,stephenson_2021_healthy_pbmc,site_stratified_seed42,graphsage,bbknn_kperbatch2_donors12,17,test,C-8939,Cambridge,0.9806747199539583,0.40861446664748263,0.9803313162772124,1615
graphsage_bbknn_kperbatch2_donors12_seed17,stephenson_2021_healthy_pbmc,site_stratified_seed42,graphsage,bbknn_kperbatch2_donors12,17,test,C-8940,Cambridge,0.8784945292137768,0.8784945292137768,0.8743854627801156,6627
graphsage_bbknn_kperbatch2_donors12_seed17,stephenson_2021_healthy_pbmc,site_stratified_seed42,graphsage,bbknn_kperbatch2_donors12,17,test,CV0904,Newcastle,0.8856397005155648,0.8856397005155648,0.8875984963103564,5011
graphsage_bbknn_kperbatch2_donors12_seed17,stephenson_2021_healthy_pbmc,site_stratified_seed42,graphsage,bbknn_kperbatch2_donors12,17,test,CV0940,Newcastle,0.8391198717045213,0.8391198717045213,0.8518516377789916,2505
graphsage_bbknn_kperbatch2_donors12_seed42,stephenson_2021_healthy_pbmc,site_stratified_seed42,graphsage,bbknn_kperbatch2_donors12,42,test,C-8938,Cambridge,0.882409276763577,0.882409276763577,0.879491175854589,2750
graphsage_bbknn_kperbatch2_donors12_seed42,stephenson_2021_healthy_pbmc,site_stratified_seed42,graphsage,bbknn_kperbatch2_donors12,42,test,C-8939,Cambridge,0.9817514004611176,0.40906308352546566,0.9784271522261558,1615
graphsage_bbknn_kperbatch2_donors12_seed42,stephenson_2021_healthy_pbmc,site_stratified_seed42,graphsage,bbknn_kperbatch2_donors12,42,test,C-8940,Cambridge,0.8784140182988064,0.8784140182988064,0.8741656187324504,6627
graphsage_bbknn_kperbatch2_donors12_seed42,stephenson_2021_healthy_pbmc,site_stratified_seed42,graphsage,bbknn_kperbatch2_donors12,42,test,CV0904,Newcastle,0.8866983259234823,0.8866983259234823,0.8878605671883367,5011
graphsage_bbknn_kperbatch2_donors12_seed42,stephenson_2021_healthy_pbmc,site_stratified_seed42,graphsage,bbknn_kperbatch2_donors12,42,test,CV0940,Newcastle,0.8443963500579844,0.8443963500579844,0.8578545923585773,2505
graphsage_bbknn_kperbatch2_donors12_seed7,stephenson_2021_healthy_pbmc,site_stratified_seed42,graphsage,bbknn_kperbatch2_donors12,7,test,C-8938,Cambridge,0.8841149406605145,0.8841149406605145,0.8797476137209239,2750
graphsage_bbknn_kperbatch2_donors12_seed7,stephenson_2021_healthy_pbmc,site_stratified_seed42,graphsage,bbknn_kperbatch2_donors12,7,test,C-8939,Cambridge,0.9793251301985715,0.4080521375827381,0.9778621804747434,1615
graphsage_bbknn_kperbatch2_donors12_seed7,stephenson_2021_healthy_pbmc,site_stratified_seed42,graphsage,bbknn_kperbatch2_donors12,7,test,C-8940,Cambridge,0.8739295560550442,0.8739295560550442,0.8673134451933128,6627
graphsage_bbknn_kperbatch2_donors12_seed7,stephenson_2021_healthy_pbmc,site_stratified_seed42,graphsage,bbknn_kperbatch2_donors12,7,test,CV0904,Newcastle,0.8856819353219696,0.8856819353219696,0.8842312822637001,5011
graphsage_bbknn_kperbatch2_donors12_seed7,stephenson_2021_healthy_pbmc,site_stratified_seed42,graphsage,bbknn_kperbatch2_donors12,7,test,CV0940,Newcastle,0.8361250541279227,0.8361250541279227,0.8489847580087804,2505
graphsage_bbknn_kperbatch2_donors12_seed73,stephenson_2021_healthy_pbmc,site_stratified_seed42,graphsage,bbknn_kperbatch2_donors12,73,test,C-8938,Cambridge,0.8854484230594006,0.8854484230594006,0.8840091959960056,2750
graphsage_bbknn_kperbatch2_donors12_seed73,stephenson_2021_healthy_pbmc,site_stratified_seed42,graphsage,bbknn_kperbatch2_donors12,73,test,C-8939,Cambridge,0.9821478935678305,0.4092282889865961,0.9828004520796816,1615
graphsage_bbknn_kperbatch2_donors12_seed73,stephenson_2021_healthy_pbmc,site_stratified_seed42,graphsage,bbknn_kperbatch2_donors12,73,test,C-8940,Cambridge,0.8805506312095036,0.8805506312095036,0.8779194860066739,6627
graphsage_bbknn_kperbatch2_donors12_seed73,stephenson_2021_healthy_pbmc,site_stratified_seed42,graphsage,bbknn_kperbatch2_donors12,73,test,CV0904,Newcastle,0.8893235676396397,0.8893235676396397,0.8913050773203034,5011
graphsage_bbknn_kperbatch2_donors12_seed73,stephenson_2021_healthy_pbmc,site_stratified_seed42,graphsage,bbknn_kperbatch2_donors12,73,test,CV0940,Newcastle,0.8442063247449042,0.8442063247449042,0.8568806809129875,2505
graphsage_mutual_knn_reference_standard_query_k20_unweighted_seed101,stephenson_2021_healthy_pbmc,site_stratified_seed42,graphsage,mutual_knn_reference_standard_query_k20_unweighted,101,test,C-8938,Cambridge,0.8828216168249897,0.8828216168249897,0.8816884785831695,2750
graphsage_mutual_knn_reference_standard_query_k20_unweighted_seed101,stephenson_2021_healthy_pbmc,site_stratified_seed42,graphsage,mutual_knn_reference_standard_query_k20_unweighted,101,test,C-8939,Cambridge,0.9819521428244122,0.40914672617683845,0.9806138021529186,1615
graphsage_mutual_knn_reference_standard_query_k20_unweighted_seed101,stephenson_2021_healthy_pbmc,site_stratified_seed42,graphsage,mutual_knn_reference_standard_query_k20_unweighted,101,test,C-8940,Cambridge,0.8754564640087891,0.8754564640087891,0.8712816501455585,6627
graphsage_mutual_knn_reference_standard_query_k20_unweighted_seed101,stephenson_2021_healthy_pbmc,site_stratified_seed42,graphsage,mutual_knn_reference_standard_query_k20_unweighted,101,test,CV0904,Newcastle,0.8846788576525909,0.8846788576525909,0.8822674259543742,5011
graphsage_mutual_knn_reference_standard_query_k20_unweighted_seed101,stephenson_2021_healthy_pbmc,site_stratified_seed42,graphsage,mutual_knn_reference_standard_query_k20_unweighted,101,test,CV0940,Newcastle,0.8294284230942447,0.8294284230942447,0.8471172319539035,2505
graphsage_mutual_knn_reference_standard_query_k20_unweighted_seed17,stephenson_2021_healthy_pbmc,site_stratified_seed42,graphsage,mutual_knn_reference_standard_query_k20_unweighted,17,test,C-8938,Cambridge,0.8820077274761536,0.8820077274761536,0.88051640687133,2750
graphsage_mutual_knn_reference_standard_query_k20_unweighted_seed17,stephenson_2021_healthy_pbmc,site_stratified_seed42,graphsage,mutual_knn_reference_standard_query_k20_unweighted,17,test,C-8939,Cambridge,0.9806747199539583,0.40861446664748263,0.9803313162772124,1615
graphsage_mutual_knn_reference_standard_query_k20_unweighted_seed17,stephenson_2021_healthy_pbmc,site_stratified_seed42,graphsage,mutual_knn_reference_standard_query_k20_unweighted,17,test,C-8940,Cambridge,0.8789417905698377,0.8789417905698377,0.8754063140260676,6627
graphsage_mutual_knn_reference_standard_query_k20_unweighted_seed17,stephenson_2021_healthy_pbmc,site_stratified_seed42,graphsage,mutual_knn_reference_standard_query_k20_unweighted,17,test,CV0904,Newcastle,0.887207452068428,0.887207452068428,0.8860372717931083,5011
graphsage_mutual_knn_reference_standard_query_k20_unweighted_seed17,stephenson_2021_healthy_pbmc,site_stratified_seed42,graphsage,mutual_knn_reference_standard_query_k20_unweighted,17,test,CV0940,Newcastle,0.8472400334307196,0.8472400334307196,0.8590383165169087,2505
graphsage_mutual_knn_reference_standard_query_k20_unweighted_seed42,stephenson_2021_healthy_pbmc,site_stratified_seed42,graphsage,mutual_knn_reference_standard_query_k20_unweighted,42,test,C-8938,Cambridge,0.8820734429092081,0.8820734429092081,0.8787861784091238,2750
graphsage_mutual_knn_reference_standard_query_k20_unweighted_seed42,stephenson_2021_healthy_pbmc,site_stratified_seed42,graphsage,mutual_knn_reference_standard_query_k20_unweighted,42,test,C-8939,Cambridge,0.9794110204063688,0.40808792516932035,0.9800488304015061,1615
graphsage_mutual_knn_reference_standard_query_k20_unweighted_seed42,stephenson_2021_healthy_pbmc,site_stratified_seed42,graphsage,mutual_knn_reference_standard_query_k20_unweighted,42,test,C-8940,Cambridge,0.8734501307433051,0.8734501307433051,0.8676155674893625,6627
graphsage_mutual_knn_reference_standard_query_k20_unweighted_seed42,stephenson_2021_healthy_pbmc,site_stratified_seed42,graphsage,mutual_knn_reference_standard_query_k20_unweighted,42,test,CV0904,Newcastle,0.8804901146850841,0.8804901146850841,0.8776533382013679,5011
graphsage_mutual_knn_reference_standard_query_k20_unweighted_seed42,stephenson_2021_healthy_pbmc,site_stratified_seed42,graphsage,mutual_knn_reference_standard_query_k20_unweighted,42,test,CV0940,Newcastle,0.8234405905385862,0.8234405905385862,0.842020778872175,2505
graphsage_mutual_knn_reference_standard_query_k20_unweighted_seed7,stephenson_2021_healthy_pbmc,site_stratified_seed42,graphsage,mutual_knn_reference_standard_query_k20_unweighted,7,test,C-8938,Cambridge,0.8854825255602855,0.8854825255602855,0.8836542694869619,2750
graphsage_mutual_knn_reference_standard_query_k20_unweighted_seed7,stephenson_2021_healthy_pbmc,site_stratified_seed42,graphsage,mutual_knn_reference_standard_query_k20_unweighted,7,test,C-8939,Cambridge,0.983426541268795,0.40976105886199793,0.9830829379553878,1615
graphsage_mutual_knn_reference_standard_query_k20_unweighted_seed7,stephenson_2021_healthy_pbmc,site_stratified_seed42,graphsage,mutual_knn_reference_standard_query_k20_unweighted,7,test,C-8940,Cambridge,0.8771301384136011,0.8771301384136011,0.8748259465812183,6627
graphsage_mutual_knn_reference_standard_query_k20_unweighted_seed7,stephenson_2021_healthy_pbmc,site_stratified_seed42,graphsage,mutual_knn_reference_standard_query_k20_unweighted,7,test,CV0904,Newcastle,0.8912166401276184,0.8912166401276184,0.8902865685654934,5011
graphsage_mutual_knn_reference_standard_query_k20_unweighted_seed7,stephenson_2021_healthy_pbmc,site_stratified_seed42,graphsage,mutual_knn_reference_standard_query_k20_unweighted,7,test,CV0940,Newcastle,0.8453356153490149,0.8453356153490149,0.8598710115505495,2505
graphsage_mutual_knn_reference_standard_query_k20_unweighted_seed73,stephenson_2021_healthy_pbmc,site_stratified_seed42,graphsage,mutual_knn_reference_standard_query_k20_unweighted,73,test,C-8938,Cambridge,0.8831811767174965,0.8831811767174965,0.8808669690635847,2750
graphsage_mutual_knn_reference_standard_query_k20_unweighted_seed73,stephenson_2021_healthy_pbmc,site_stratified_seed42,graphsage,mutual_knn_reference_standard_query_k20_unweighted,73,test,C-8939,Cambridge,0.983426541268795,0.40976105886199793,0.9830829379553878,1615
graphsage_mutual_knn_reference_standard_query_k20_unweighted_seed73,stephenson_2021_healthy_pbmc,site_stratified_seed42,graphsage,mutual_knn_reference_standard_query_k20_unweighted,73,test,C-8940,Cambridge,0.8769166063271344,0.8769166063271344,0.8739476507609524,6627
graphsage_mutual_knn_reference_standard_query_k20_unweighted_seed73,stephenson_2021_healthy_pbmc,site_stratified_seed42,graphsage,mutual_knn_reference_standard_query_k20_unweighted,73,test,CV0904,Newcastle,0.887180889663873,0.887180889663873,0.8863126505470214,5011
graphsage_mutual_knn_reference_standard_query_k20_unweighted_seed73,stephenson_2021_healthy_pbmc,site_stratified_seed42,graphsage,mutual_knn_reference_standard_query_k20_unweighted,73,test,CV0940,Newcastle,0.8283312993546145,0.8283312993546145,0.8432342197623401,2505
graphsage_pca_knn_k20_unweighted_seed101,stephenson_2021_healthy_pbmc,site_stratified_seed42,graphsage,pca_knn_k20_unweighted,101,test,C-8938,Cambridge,0.88382195109018,0.88382195109018,0.8805752202245061,2750
graphsage_pca_knn_k20_unweighted_seed101,stephenson_2021_healthy_pbmc,site_stratified_seed42,graphsage,pca_knn_k20_unweighted,101,test,C-8939,Cambridge,0.9794110204063688,0.40808792516932035,0.9800488304015061,1615
graphsage_pca_knn_k20_unweighted_seed101,stephenson_2021_healthy_pbmc,site_stratified_seed42,graphsage,pca_knn_k20_unweighted,101,test,C-8940,Cambridge,0.8724450200068606,0.8724450200068606,0.8687662696100126,6627
graphsage_pca_knn_k20_unweighted_seed101,stephenson_2021_healthy_pbmc,site_stratified_seed42,graphsage,pca_knn_k20_unweighted,101,test,CV0904,Newcastle,0.8762921191414655,0.8762921191414655,0.8721116804088376,5011
graphsage_pca_knn_k20_unweighted_seed101,stephenson_2021_healthy_pbmc,site_stratified_seed42,graphsage,pca_knn_k20_unweighted,101,test,CV0940,Newcastle,0.8365122550128617,0.8365122550128617,0.8440513471518373,2505
graphsage_pca_knn_k20_unweighted_seed17,stephenson_2021_healthy_pbmc,site_stratified_seed42,graphsage,pca_knn_k20_unweighted,17,test,C-8938,Cambridge,0.8863107193502358,0.8863107193502358,0.8832870485268898,2750
graphsage_pca_knn_k20_unweighted_seed17,stephenson_2021_healthy_pbmc,site_stratified_seed42,graphsage,pca_knn_k20_unweighted,17,test,C-8939,Cambridge,0.9806747199539583,0.40861446664748263,0.9803313162772124,1615
graphsage_pca_knn_k20_unweighted_seed17,stephenson_2021_healthy_pbmc,site_stratified_seed42,graphsage,pca_knn_k20_unweighted,17,test,C-8940,Cambridge,0.8809506953683205,0.8809506953683205,0.8772141085660583,6627
graphsage_pca_knn_k20_unweighted_seed17,stephenson_2021_healthy_pbmc,site_stratified_seed42,graphsage,pca_knn_k20_unweighted,17,test,CV0904,Newcastle,0.8800944829811158,0.8800944829811158,0.8795046217874222,5011
graphsage_pca_knn_k20_unweighted_seed17,stephenson_2021_healthy_pbmc,site_stratified_seed42,graphsage,pca_knn_k20_unweighted,17,test,CV0940,Newcastle,0.84405376858343,0.84405376858343,0.8525644846134743,2505
graphsage_pca_knn_k20_unweighted_seed42,stephenson_2021_healthy_pbmc,site_stratified_seed42,graphsage,pca_knn_k20_unweighted,42,test,C-8938,Cambridge,0.8761943040231722,0.8761943040231722,0.873990024704733,2750
graphsage_pca_knn_k20_unweighted_seed42,stephenson_2021_healthy_pbmc,site_stratified_seed42,graphsage,pca_knn_k20_unweighted,42,test,C-8939,Cambridge,0.9806747199539583,0.40861446664748263,0.9803313162772124,1615
graphsage_pca_knn_k20_unweighted_seed42,stephenson_2021_healthy_pbmc,site_stratified_seed42,graphsage,pca_knn_k20_unweighted,42,test,C-8940,Cambridge,0.8723139660233189,0.8723139660233189,0.866761867469353,6627
graphsage_pca_knn_k20_unweighted_seed42,stephenson_2021_healthy_pbmc,site_stratified_seed42,graphsage,pca_knn_k20_unweighted,42,test,CV0904,Newcastle,0.8789111183570378,0.8789111183570378,0.8741482333482614,5011
graphsage_pca_knn_k20_unweighted_seed42,stephenson_2021_healthy_pbmc,site_stratified_seed42,graphsage,pca_knn_k20_unweighted,42,test,CV0940,Newcastle,0.8408223200948245,0.8408223200948245,0.8513433925397101,2505
graphsage_pca_knn_k20_unweighted_seed7,stephenson_2021_healthy_pbmc,site_stratified_seed42,graphsage,pca_knn_k20_unweighted,7,test,C-8938,Cambridge,0.8826691143799382,0.8826691143799382,0.878875346401796,2750
graphsage_pca_knn_k20_unweighted_seed7,stephenson_2021_healthy_pbmc,site_stratified_seed42,graphsage,pca_knn_k20_unweighted,7,test,C-8939,Cambridge,0.9821478935678305,0.4092282889865961,0.9828004520796816,1615
graphsage_pca_knn_k20_unweighted_seed7,stephenson_2021_healthy_pbmc,site_stratified_seed42,graphsage,pca_knn_k20_unweighted,7,test,C-8940,Cambridge,0.869211200212976,0.869211200212976,0.8652568356684154,6627
graphsage_pca_knn_k20_unweighted_seed7,stephenson_2021_healthy_pbmc,site_stratified_seed42,graphsage,pca_knn_k20_unweighted,7,test,CV0904,Newcastle,0.878883245772323,0.878883245772323,0.8756698606428618,5011
graphsage_pca_knn_k20_unweighted_seed7,stephenson_2021_healthy_pbmc,site_stratified_seed42,graphsage,pca_knn_k20_unweighted,7,test,CV0940,Newcastle,0.8381253265369714,0.8381253265369714,0.846516689905886,2505
graphsage_pca_knn_k20_unweighted_seed73,stephenson_2021_healthy_pbmc,site_stratified_seed42,graphsage,pca_knn_k20_unweighted,73,test,C-8938,Cambridge,0.8869869716911675,0.8869869716911675,0.8839698804388751,2750
graphsage_pca_knn_k20_unweighted_seed73,stephenson_2021_healthy_pbmc,site_stratified_seed42,graphsage,pca_knn_k20_unweighted,73,test,C-8939,Cambridge,0.9819521428244122,0.40914672617683845,0.9806138021529186,1615
graphsage_pca_knn_k20_unweighted_seed73,stephenson_2021_healthy_pbmc,site_stratified_seed42,graphsage,pca_knn_k20_unweighted,73,test,C-8940,Cambridge,0.8712020614727104,0.8712020614727104,0.8670001366691142,6627
graphsage_pca_knn_k20_unweighted_seed73,stephenson_2021_healthy_pbmc,site_stratified_seed42,graphsage,pca_knn_k20_unweighted,73,test,CV0904,Newcastle,0.8787784628323024,0.8787784628323024,0.8739515743542846,5011
graphsage_pca_knn_k20_unweighted_seed73,stephenson_2021_healthy_pbmc,site_stratified_seed42,graphsage,pca_knn_k20_unweighted,73,test,CV0940,Newcastle,0.8409255332909279,0.8409255332909279,0.8476370212135516,2505
graphsage_pca_knn_k24_unweighted_seed101,stephenson_2021_healthy_pbmc,site_stratified_seed42,graphsage,pca_knn_k24_unweighted,101,test,C-8938,Cambridge,0.8870026711398173,0.8870026711398173,0.8839635363707541,2750
graphsage_pca_knn_k24_unweighted_seed101,stephenson_2021_healthy_pbmc,site_stratified_seed42,graphsage,pca_knn_k24_unweighted,101,test,C-8939,Cambridge,0.9821478935678305,0.4092282889865961,0.9828004520796816,1615
graphsage_pca_knn_k24_unweighted_seed101,stephenson_2021_healthy_pbmc,site_stratified_seed42,graphsage,pca_knn_k24_unweighted,101,test,C-8940,Cambridge,0.8789849981924959,0.8789849981924959,0.8743219854747069,6627
graphsage_pca_knn_k24_unweighted_seed101,stephenson_2021_healthy_pbmc,site_stratified_seed42,graphsage,pca_knn_k24_unweighted,101,test,CV0904,Newcastle,0.8831180876084441,0.8831180876084441,0.8822847682595953,5011
graphsage_pca_knn_k24_unweighted_seed101,stephenson_2021_healthy_pbmc,site_stratified_seed42,graphsage,pca_knn_k24_unweighted,101,test,CV0940,Newcastle,0.8433551823911315,0.8433551823911315,0.8521892787699236,2505
graphsage_pca_knn_k24_unweighted_seed17,stephenson_2021_healthy_pbmc,site_stratified_seed42,graphsage,pca_knn_k24_unweighted,17,test,C-8938,Cambridge,0.884057156334299,0.884057156334299,0.8815202017665524,2750
graphsage_pca_knn_k24_unweighted_seed17,stephenson_2021_healthy_pbmc,site_stratified_seed42,graphsage,pca_knn_k24_unweighted,17,test,C-8939,Cambridge,0.9806747199539583,0.40861446664748263,0.9803313162772124,1615
graphsage_pca_knn_k24_unweighted_seed17,stephenson_2021_healthy_pbmc,site_stratified_seed42,graphsage,pca_knn_k24_unweighted,17,test,C-8940,Cambridge,0.8790063648124867,0.8790063648124867,0.8757821865163593,6627
graphsage_pca_knn_k24_unweighted_seed17,stephenson_2021_healthy_pbmc,site_stratified_seed42,graphsage,pca_knn_k24_unweighted,17,test,CV0904,Newcastle,0.8824033916517356,0.8824033916517356,0.8807378669122508,5011
graphsage_pca_knn_k24_unweighted_seed17,stephenson_2021_healthy_pbmc,site_stratified_seed42,graphsage,pca_knn_k24_unweighted,17,test,CV0940,Newcastle,0.8458381534621359,0.8458381534621359,0.8541397550577505,2505
graphsage_pca_knn_k24_unweighted_seed42,stephenson_2021_healthy_pbmc,site_stratified_seed42,graphsage,pca_knn_k24_unweighted,42,test,C-8938,Cambridge,0.8839575663486978,0.8839575663486978,0.8817362668089342,2750
graphsage_pca_knn_k24_unweighted_seed42,stephenson_2021_healthy_pbmc,site_stratified_seed42,graphsage,pca_knn_k24_unweighted,42,test,C-8939,Cambridge,0.9819521428244122,0.40914672617683845,0.9806138021529186,1615
graphsage_pca_knn_k24_unweighted_seed42,stephenson_2021_healthy_pbmc,site_stratified_seed42,graphsage,pca_knn_k24_unweighted,42,test,C-8940,Cambridge,0.8803494769359902,0.8803494769359902,0.8751746078620642,6627
graphsage_pca_knn_k24_unweighted_seed42,stephenson_2021_healthy_pbmc,site_stratified_seed42,graphsage,pca_knn_k24_unweighted,42,test,CV0904,Newcastle,0.8874441610470397,0.8874441610470397,0.8860505668247831,5011
graphsage_pca_knn_k24_unweighted_seed42,stephenson_2021_healthy_pbmc,site_stratified_seed42,graphsage,pca_knn_k24_unweighted,42,test,CV0940,Newcastle,0.8477057935405209,0.8477057935405209,0.8591644497278971,2505
graphsage_pca_knn_k24_unweighted_seed7,stephenson_2021_healthy_pbmc,site_stratified_seed42,graphsage,pca_knn_k24_unweighted,7,test,C-8938,Cambridge,0.8786364457183446,0.8786364457183446,0.8758746099570196,2750
graphsage_pca_knn_k24_unweighted_seed7,stephenson_2021_healthy_pbmc,site_stratified_seed42,graphsage,pca_knn_k24_unweighted,7,test,C-8939,Cambridge,0.9832839989984145,0.40970166624933935,0.9828004520796816,1615
graphsage_pca_knn_k24_unweighted_seed7,stephenson_2021_healthy_pbmc,site_stratified_seed42,graphsage,pca_knn_k24_unweighted,7,test,C-8940,Cambridge,0.8701525209088109,0.8701525209088109,0.8660478867475322,6627
graphsage_pca_knn_k24_unweighted_seed7,stephenson_2021_healthy_pbmc,site_stratified_seed42,graphsage,pca_knn_k24_unweighted,7,test,CV0904,Newcastle,0.8805160586700738,0.8805160586700738,0.8771521208981076,5011
graphsage_pca_knn_k24_unweighted_seed7,stephenson_2021_healthy_pbmc,site_stratified_seed42,graphsage,pca_knn_k24_unweighted,7,test,CV0940,Newcastle,0.8426007576814878,0.8426007576814878,0.8490275921564178,2505
graphsage_pca_knn_k24_unweighted_seed73,stephenson_2021_healthy_pbmc,site_stratified_seed42,graphsage,pca_knn_k24_unweighted,73,test,C-8938,Cambridge,0.8868353632477651,0.8868353632477651,0.8837738922307774,2750
graphsage_pca_knn_k24_unweighted_seed73,stephenson_2021_healthy_pbmc,site_stratified_seed42,graphsage,pca_knn_k24_unweighted,73,test,C-8939,Cambridge,0.9804612640163098,0.4085255266734624,0.9781446663504496,1615
graphsage_pca_knn_k24_unweighted_seed73,stephenson_2021_healthy_pbmc,site_stratified_seed42,graphsage,pca_knn_k24_unweighted,73,test,C-8940,Cambridge,0.874402769640454,0.874402769640454,0.8718819679408031,6627
graphsage_pca_knn_k24_unweighted_seed73,stephenson_2021_healthy_pbmc,site_stratified_seed42,graphsage,pca_knn_k24_unweighted,73,test,CV0904,Newcastle,0.8804810475607591,0.8804810475607591,0.8767912256858965,5011
graphsage_pca_knn_k24_unweighted_seed73,stephenson_2021_healthy_pbmc,site_stratified_seed42,graphsage,pca_knn_k24_unweighted,73,test,CV0940,Newcastle,0.8452119378505015,0.8452119378505015,0.8516926359826628,2505
graphsage_pca_knn_k50_unweighted_seed101,stephenson_2021_healthy_pbmc,site_stratified_seed42,graphsage,pca_knn_k50_unweighted,101,test,C-8938,Cambridge,0.8892119805207561,0.8892119805207561,0.8854465604653935,2750
graphsage_pca_knn_k50_unweighted_seed101,stephenson_2021_healthy_pbmc,site_stratified_seed42,graphsage,pca_knn_k50_unweighted,101,test,C-8939,Cambridge,0.984719100749808,0.41029962531242,0.983365423831094,1615
graphsage_pca_knn_k50_unweighted_seed101,stephenson_2021_healthy_pbmc,site_stratified_seed42,graphsage,pca_knn_k50_unweighted,101,test,C-8940,Cambridge,0.8745021892509636,0.8745021892509636,0.870754713589065,6627
graphsage_pca_knn_k50_unweighted_seed101,stephenson_2021_healthy_pbmc,site_stratified_seed42,graphsage,pca_knn_k50_unweighted,101,test,CV0904,Newcastle,0.8830821948402717,0.8830821948402717,0.8764368061088952,5011
graphsage_pca_knn_k50_unweighted_seed101,stephenson_2021_healthy_pbmc,site_stratified_seed42,graphsage,pca_knn_k50_unweighted,101,test,CV0940,Newcastle,0.8343994850681602,0.8343994850681602,0.8448000053943766,2505
graphsage_pca_knn_k50_unweighted_seed17,stephenson_2021_healthy_pbmc,site_stratified_seed42,graphsage,pca_knn_k50_unweighted,17,test,C-8938,Cambridge,0.8786838014673441,0.8786838014673441,0.8774004018173781,2750
graphsage_pca_knn_k50_unweighted_seed17,stephenson_2021_healthy_pbmc,site_stratified_seed42,graphsage,pca_knn_k50_unweighted,17,test,C-8939,Cambridge,0.9819521428244122,0.40914672617683845,0.9806138021529186,1615
graphsage_pca_knn_k50_unweighted_seed17,stephenson_2021_healthy_pbmc,site_stratified_seed42,graphsage,pca_knn_k50_unweighted,17,test,C-8940,Cambridge,0.8757349293528405,0.8757349293528405,0.872646887470597,6627
graphsage_pca_knn_k50_unweighted_seed17,stephenson_2021_healthy_pbmc,site_stratified_seed42,graphsage,pca_knn_k50_unweighted,17,test,CV0904,Newcastle,0.882501743150563,0.882501743150563,0.8777578569701644,5011
graphsage_pca_knn_k50_unweighted_seed17,stephenson_2021_healthy_pbmc,site_stratified_seed42,graphsage,pca_knn_k50_unweighted,17,test,CV0940,Newcastle,0.8411060053405094,0.8411060053405094,0.8520220585130219,2505
graphsage_pca_knn_k50_unweighted_seed42,stephenson_2021_healthy_pbmc,site_stratified_seed42,graphsage,pca_knn_k50_unweighted,42,test,C-8938,Cambridge,0.8841018473016905,0.8841018473016905,0.881611597120377,2750
graphsage_pca_knn_k50_unweighted_seed42,stephenson_2021_healthy_pbmc,site_stratified_seed42,graphsage,pca_knn_k50_unweighted,42,test,C-8939,Cambridge,0.9860258370579471,0.41084409877414463,0.9836479097068003,1615
graphsage_pca_knn_k50_unweighted_seed42,stephenson_2021_healthy_pbmc,site_stratified_seed42,graphsage,pca_knn_k50_unweighted,42,test,C-8940,Cambridge,0.8778569188967257,0.8778569188967257,0.8733089939989278,6627
graphsage_pca_knn_k50_unweighted_seed42,stephenson_2021_healthy_pbmc,site_stratified_seed42,graphsage,pca_knn_k50_unweighted,42,test,CV0904,Newcastle,0.8846035107062531,0.8846035107062531,0.8801961360588697,5011
graphsage_pca_knn_k50_unweighted_seed42,stephenson_2021_healthy_pbmc,site_stratified_seed42,graphsage,pca_knn_k50_unweighted,42,test,CV0940,Newcastle,0.8422807091515491,0.8422807091515491,0.8543338035977469,2505
graphsage_pca_knn_k50_unweighted_seed7,stephenson_2021_healthy_pbmc,site_stratified_seed42,graphsage,pca_knn_k50_unweighted,7,test,C-8938,Cambridge,0.8880238346554853,0.8880238346554853,0.8850587476335203,2750
graphsage_pca_knn_k50_unweighted_seed7,stephenson_2021_healthy_pbmc,site_stratified_seed42,graphsage,pca_knn_k50_unweighted,7,test,C-8939,Cambridge,0.984719100749808,0.41029962531242,0.983365423831094,1615
graphsage_pca_knn_k50_unweighted_seed7,stephenson_2021_healthy_pbmc,site_stratified_seed42,graphsage,pca_knn_k50_unweighted,7,test,C-8940,Cambridge,0.8778815501335832,0.8778815501335832,0.8751674881016229,6627
graphsage_pca_knn_k50_unweighted_seed7,stephenson_2021_healthy_pbmc,site_stratified_seed42,graphsage,pca_knn_k50_unweighted,7,test,CV0904,Newcastle,0.8869757555145941,0.8869757555145941,0.8836846366790811,5011
graphsage_pca_knn_k50_unweighted_seed7,stephenson_2021_healthy_pbmc,site_stratified_seed42,graphsage,pca_knn_k50_unweighted,7,test,CV0940,Newcastle,0.8512679961005137,0.8512679961005137,0.8579895470665693,2505
graphsage_pca_knn_k50_unweighted_seed73,stephenson_2021_healthy_pbmc,site_stratified_seed42,graphsage,pca_knn_k50_unweighted,73,test,C-8938,Cambridge,0.8894638676273594,0.8894638676273594,0.8862297729156915,2750
graphsage_pca_knn_k50_unweighted_seed73,stephenson_2021_healthy_pbmc,site_stratified_seed42,graphsage,pca_knn_k50_unweighted,73,test,C-8939,Cambridge,0.984719100749808,0.41029962531242,0.983365423831094,1615
graphsage_pca_knn_k50_unweighted_seed73,stephenson_2021_healthy_pbmc,site_stratified_seed42,graphsage,pca_knn_k50_unweighted,73,test,C-8940,Cambridge,0.8770488878673843,0.8770488878673843,0.8746376593998603,6627
graphsage_pca_knn_k50_unweighted_seed73,stephenson_2021_healthy_pbmc,site_stratified_seed42,graphsage,pca_knn_k50_unweighted,73,test,CV0904,Newcastle,0.8832728862210385,0.8832728862210385,0.878874676941802,5011
graphsage_pca_knn_k50_unweighted_seed73,stephenson_2021_healthy_pbmc,site_stratified_seed42,graphsage,pca_knn_k50_unweighted,73,test,CV0940,Newcastle,0.84257460417228,0.84257460417228,0.8536860610630064,2505
logistic_regression_site_stratified_seed42,stephenson_2021_healthy_pbmc,site_stratified_seed42,logistic_regression,none,42,test,C-8938,Cambridge,0.8712190917185638,0.8712190917185638,0.8713165413241559,2750
logistic_regression_site_stratified_seed42,stephenson_2021_healthy_pbmc,site_stratified_seed42,logistic_regression,none,42,test,C-8939,Cambridge,0.9836661369446557,0.4098608903936065,0.9853944339820047,1615
logistic_regression_site_stratified_seed42,stephenson_2021_healthy_pbmc,site_stratified_seed42,logistic_regression,none,42,test,C-8940,Cambridge,0.8675201795389921,0.8675201795389921,0.8726238041431182,6627
logistic_regression_site_stratified_seed42,stephenson_2021_healthy_pbmc,site_stratified_seed42,logistic_regression,none,42,test,CV0904,Newcastle,0.8605149920240556,0.8605149920240556,0.870468172488187,5011
logistic_regression_site_stratified_seed42,stephenson_2021_healthy_pbmc,site_stratified_seed42,logistic_regression,none,42,test,CV0940,Newcastle,0.7979342633100218,0.7979342633100218,0.8175040221991409,2505
mlp_site_stratified_seed42_seed42,stephenson_2021_healthy_pbmc,site_stratified_seed42,mlp,none,42,test,C-8938,Cambridge,0.8881796292230183,0.8881796292230183,0.8894420614557585,2750
mlp_site_stratified_seed42_seed42,stephenson_2021_healthy_pbmc,site_stratified_seed42,mlp,none,42,test,C-8939,Cambridge,0.986530992698462,0.4110545802910259,0.9884285415358862,1615
mlp_site_stratified_seed42_seed42,stephenson_2021_healthy_pbmc,site_stratified_seed42,mlp,none,42,test,C-8940,Cambridge,0.8846556701794624,0.8846556701794624,0.8901233761936131,6627
mlp_site_stratified_seed42_seed42,stephenson_2021_healthy_pbmc,site_stratified_seed42,mlp,none,42,test,CV0904,Newcastle,0.8902785215687162,0.8902785215687162,0.9008772163995697,5011
mlp_site_stratified_seed42_seed42,stephenson_2021_healthy_pbmc,site_stratified_seed42,mlp,none,42,test,CV0940,Newcastle,0.8357289059934848,0.8357289059934848,0.8578092714537074,2505
mlp_site_stratified_seed42_seed101,stephenson_2021_healthy_pbmc,site_stratified_seed42,mlp,none,101,test,C-8938,Cambridge,0.8900835463535174,0.8900835463535174,0.8920018959420566,2750
mlp_site_stratified_seed42_seed101,stephenson_2021_healthy_pbmc,site_stratified_seed42,mlp,none,101,test,C-8939,Cambridge,0.9825427075285432,0.40939279480355967,0.9853944339820047,1615
mlp_site_stratified_seed42_seed101,stephenson_2021_healthy_pbmc,site_stratified_seed42,mlp,none,101,test,C-8940,Cambridge,0.8871532683356183,0.8871532683356183,0.8892548852123979,6627
mlp_site_stratified_seed42_seed101,stephenson_2021_healthy_pbmc,site_stratified_seed42,mlp,none,101,test,CV0904,Newcastle,0.8842299223267069,0.8842299223267069,0.8922196211789751,5011
mlp_site_stratified_seed42_seed101,stephenson_2021_healthy_pbmc,site_stratified_seed42,mlp,none,101,test,CV0940,Newcastle,0.8480628747297327,0.8480628747297327,0.8622877122932001,2505
mlp_site_stratified_seed42_seed17,stephenson_2021_healthy_pbmc,site_stratified_seed42,mlp,none,17,test,C-8938,Cambridge,0.8893473829334737,0.8893473829334737,0.8872298425723125,2750
mlp_site_stratified_seed42_seed17,stephenson_2021_healthy_pbmc,site_stratified_seed42,mlp,none,17,test,C-8939,Cambridge,0.984922974348177,0.4103845726450737,0.9837727558066541,1615
mlp_site_stratified_seed42_seed17,stephenson_2021_healthy_pbmc,site_stratified_seed42,mlp,none,17,test,C-8940,Cambridge,0.8863388430339522,0.8863388430339522,0.8868891167608463,6627
mlp_site_stratified_seed42_seed17,stephenson_2021_healthy_pbmc,site_stratified_seed42,mlp,none,17,test,CV0904,Newcastle,0.887796164958643,0.887796164958643,0.8987735992238921,5011
mlp_site_stratified_seed42_seed17,stephenson_2021_healthy_pbmc,site_stratified_seed42,mlp,none,17,test,CV0940,Newcastle,0.8480991766625849,0.8480991766625849,0.8609554420378948,2505
mlp_site_stratified_seed42_seed42,stephenson_2021_healthy_pbmc,site_stratified_seed42,mlp,none,42,test,C-8938,Cambridge,0.8881796292230183,0.8881796292230183,0.8894420614557585,2750
mlp_site_stratified_seed42_seed42,stephenson_2021_healthy_pbmc,site_stratified_seed42,mlp,none,42,test,C-8939,Cambridge,0.986530992698462,0.4110545802910259,0.9884285415358862,1615
mlp_site_stratified_seed42_seed42,stephenson_2021_healthy_pbmc,site_stratified_seed42,mlp,none,42,test,C-8940,Cambridge,0.8846556701794624,0.8846556701794624,0.8901233761936131,6627
mlp_site_stratified_seed42_seed42,stephenson_2021_healthy_pbmc,site_stratified_seed42,mlp,none,42,test,CV0904,Newcastle,0.8902785215687162,0.8902785215687162,0.9008772163995697,5011
mlp_site_stratified_seed42_seed42,stephenson_2021_healthy_pbmc,site_stratified_seed42,mlp,none,42,test,CV0940,Newcastle,0.8357289059934848,0.8357289059934848,0.8578092714537074,2505
mlp_site_stratified_seed42_seed7,stephenson_2021_healthy_pbmc,site_stratified_seed42,mlp,none,7,test,C-8938,Cambridge,0.8868961462104118,0.8868961462104118,0.8920302447517194,2750
mlp_site_stratified_seed42_seed7,stephenson_2021_healthy_pbmc,site_stratified_seed42,mlp,none,7,test,C-8939,Cambridge,0.9769776942030866,0.4070740392512861,0.9905419543837622,1615
mlp_site_stratified_seed42_seed7,stephenson_2021_healthy_pbmc,site_stratified_seed42,mlp,none,7,test,C-8940,Cambridge,0.8797062003951169,0.8797062003951169,0.8873993093688188,6627
mlp_site_stratified_seed42_seed7,stephenson_2021_healthy_pbmc,site_stratified_seed42,mlp,none,7,test,CV0904,Newcastle,0.888160003603542,0.888160003603542,0.8988648284774897,5011
mlp_site_stratified_seed42_seed7,stephenson_2021_healthy_pbmc,site_stratified_seed42,mlp,none,7,test,CV0940,Newcastle,0.8464920527749661,0.8464920527749661,0.8662678624411542,2505
mlp_site_stratified_seed42_seed73,stephenson_2021_healthy_pbmc,site_stratified_seed42,mlp,none,73,test,C-8938,Cambridge,0.8912957476624485,0.8912957476624485,0.89098549091704,2750
mlp_site_stratified_seed42_seed73,stephenson_2021_healthy_pbmc,site_stratified_seed42,mlp,none,73,test,C-8939,Cambridge,0.986392629340893,0.41099692889203876,0.9903327055869429,1615
mlp_site_stratified_seed42_seed73,stephenson_2021_healthy_pbmc,site_stratified_seed42,mlp,none,73,test,C-8940,Cambridge,0.8852018261304101,0.8852018261304101,0.885860486195922,6627
mlp_site_stratified_seed42_seed73,stephenson_2021_healthy_pbmc,site_stratified_seed42,mlp,none,73,test,CV0904,Newcastle,0.8874248629686954,0.8874248629686954,0.8990498772268501,5011
mlp_site_stratified_seed42_seed73,stephenson_2021_healthy_pbmc,site_stratified_seed42,mlp,none,73,test,CV0940,Newcastle,0.844845369195641,0.844845369195641,0.8586118611707608,2505
